<?xml version="1.0" encoding="UTF-8"?>
<project-private xmlns="http://www.netbeans.org/ns/project-private/1">
    <editor-bookmarks xmlns="http://www.netbeans.org/ns/editor-bookmarks/2" lastBookmarkId="0"/>
    <open-files xmlns="http://www.netbeans.org/ns/projectui-open-files/2">
        <group>
            <file>file:/C:/Users/usurio/Downloads/_SIMULACIONES/_DDuC/CEXkeypadTest.X/adc.c</file>
            <file>file:/C:/Users/usurio/Downloads/_SIMULACIONES/_DDuC/CEXkeypadTest.X/keypad.c</file>
            <file>file:/C:/Users/usurio/Downloads/_SIMULACIONES/_DDuC/CEXkeypadTest.X/dduc.h</file>
            <file>file:/C:/Users/usurio/Downloads/_SIMULACIONES/_DDuC/CEXkeypadTest.X/pin_manager.h</file>
            <file>file:/C:/Users/usurio/Downloads/_SIMULACIONES/_DDuC/CEXkeypadTest.X/keypad.h</file>
            <file>file:/C:/Users/usurio/Downloads/_SIMULACIONES/_DDuC/CEXkeypadTest.X/tmr2.c</file>
            <file>file:/C:/Users/usurio/Downloads/_SIMULACIONES/_DDuC/CEXkeypadTest.X/pwm1.h</file>
            <file>file:/C:/Users/usurio/Downloads/_SIMULACIONES/_DDuC/CEXkeypadTest.X/tmr1.c</file>
            <file>file:/C:/Users/usurio/Downloads/_SIMULACIONES/_DDuC/CEXkeypadTest.X/dduc.c</file>
            <file>file:/C:/Users/usurio/Downloads/_SIMULACIONES/_DDuC/CEXkeypadTest.X/pwm1.c</file>
            <file>file:/C:/Users/usurio/Downloads/_SIMULACIONES/_DDuC/CEXkeypadTest.X/adc.h</file>
            <file>file:/C:/Users/usurio/Downloads/_SIMULACIONES/_DDuC/CEXkeypadTest.X/tmr2.h</file>
            <file>file:/C:/Users/usurio/Downloads/_SIMULACIONES/_DDuC/CEXkeypadTest.X/macrosFZ.h</file>
            <file>file:/C:/Users/usurio/Downloads/_SIMULACIONES/_DDuC/CEXkeypadTest.X/_main.c</file>
        </group>
    </open-files>
</project-private>
